,1,2,3,4,5,6,7,8,9,10,11,12,13,14,15,16,17,18,19,20,,1,2,3,4,5,6,7,8,9,10,11,12,13,14,15,16,17,18,19,20,,1,2,3,4,5,6,7,8,9,10,11,12,13,14,15,16,17,18,19,20,
MLP,5.8258510000000001,11.565531,17.311781,23.282975,29.013282,34.779559999999996,40.540422999999997,46.266016,52.030709000000002,57.720025999999997,63.573101999999999,70.091892000000001,76.102418999999998,82.038886000000005,88.193098000000006,94.081736000000006,99.932995000000005,105.734211,111.53092700000001,117.31882299999999,,0.14521999999999999,0.095612000000000003,0.091038999999999995,0.090017,0.086337999999999998,0.084766999999999995,0.083765999999999993,0.083306000000000005,0.083287,0.083265000000000006,0.083447999999999994,0.083672999999999997,0.083849000000000007,0.084007999999999999,0.084132999999999999,0.084222000000000005,0.084294999999999995,0.084349999999999994,0.084386000000000003,0.084412000000000001,,9569,9740,9753,9756,9782,9782,9789,9794,9797,9802,9804,9802,9804,9804,9804,9804,9804,9803,9802,9802,
MLP,6.0323700000000002,12.418018,18.406409,24.285005000000002,30.379376000000001,36.275106999999998,42.222709999999999,48.176859,54.360463000000003,60.471924999999999,66.358355000000003,72.159379999999999,77.928472999999997,83.709033000000005,89.571369000000004,95.332538999999997,101.13645699999999,106.92271,112.69404400000001,118.48332000000001,,0.14521999999999999,0.095612000000000003,0.091038999999999995,0.090017,0.086337999999999998,0.084766999999999995,0.083765999999999993,0.083306000000000005,0.083287,0.083265000000000006,0.083447999999999994,0.083672999999999997,0.083849000000000007,0.084007999999999999,0.084132999999999999,0.084222000000000005,0.084294999999999995,0.084349999999999994,0.084386000000000003,0.084412000000000001,,9569,9740,9753,9756,9782,9782,9789,9794,9797,9802,9804,9802,9804,9804,9804,9804,9804,9803,9802,9802,
MLP,5.8959169999999999,11.987593,18.076015000000002,24.332207,31.076446000000001,37.325367,44.009112999999999,50.540491000000003,56.766041000000001,62.925705000000001,69.544293999999994,75.696155000000005,82.089696000000004,88.667592999999997,94.780844000000002,102.167688,109.205467,115.53237,121.51690499999999,127.265128,,0.14521999999999999,0.095612000000000003,0.091038999999999995,0.090017,0.086337999999999998,0.084766999999999995,0.083765999999999993,0.083306000000000005,0.083287,0.083265000000000006,0.083447999999999994,0.083672999999999997,0.083849000000000007,0.084007999999999999,0.084132999999999999,0.084222000000000005,0.084294999999999995,0.084349999999999994,0.084386000000000003,0.084412000000000001,,9569,9740,9753,9756,9782,9782,9789,9794,9797,9802,9804,9802,9804,9804,9804,9804,9804,9803,9802,9802,
MLP,6.4430690000000004,12.876089,19.159728000000001,25.162493000000001,31.185220000000001,37.213183000000001,43.375343000000001,49.658261000000003,55.719741999999997,61.566853999999999,67.389353,73.685218000000006,80.021225000000001,86.217449999999999,92.452347000000003,98.778936000000002,105.01727200000001,111.549312,118.465082,124.457489,,0.14521999999999999,0.095612000000000003,0.091038999999999995,0.090017,0.086337999999999998,0.084766999999999995,0.083765999999999993,0.083306000000000005,0.083287,0.083265000000000006,0.083447999999999994,0.083672999999999997,0.083849000000000007,0.084007999999999999,0.084132999999999999,0.084222000000000005,0.084294999999999995,0.084349999999999994,0.084386000000000003,0.084412000000000001,,9569,9740,9753,9756,9782,9782,9789,9794,9797,9802,9804,9802,9804,9804,9804,9804,9804,9803,9802,9802,
MLP,6.4351029999999998,12.886462,19.143920000000001,25.242045999999998,31.397165999999999,37.698611,44.431224,50.328912000000003,56.070383,61.800623999999999,67.531249000000003,73.272301999999996,79.001390999999998,84.719029000000006,90.524632999999994,96.271156000000005,102.015719,107.76343,113.541805,119.315398,,0.14521999999999999,0.095612000000000003,0.091038999999999995,0.090017,0.086337999999999998,0.084766999999999995,0.083765999999999993,0.083306000000000005,0.083287,0.083265000000000006,0.083447999999999994,0.083672999999999997,0.083849000000000007,0.084007999999999999,0.084132999999999999,0.084222000000000005,0.084294999999999995,0.084349999999999994,0.084386000000000003,0.084412000000000001,,9569,9740,9753,9756,9782,9782,9789,9794,9797,9802,9804,9802,9804,9804,9804,9804,9804,9803,9802,9802,
MLP,6.126462000000001,12.3467386,18.419570600000004,24.460945200000001,30.610298,36.658365599999996,42.915762599999994,48.994107800000002,54.989467599999998,60.897026800000006,66.879270599999998,72.980989399999999,79.028640800000005,85.0703982,91.104458199999996,97.326410999999993,103.46158199999999,109.50040659999999,115.54975259999999,121.36803159999999,,0.14521999999999999,0.095612000000000003,0.091038999999999995,0.090017,0.086337999999999998,0.084766999999999995,0.083765999999999993,0.083306000000000005,0.083287,0.083265000000000006,0.083447999999999994,0.083672999999999997,0.083849000000000007,0.084007999999999999,0.084132999999999999,0.084222000000000005,0.084294999999999995,0.084349999999999994,0.084386000000000003,0.084412000000000001,,9569,9740,9753,9756,9782,9782,9789,9794,9797,9802,9804,9802,9804,9804,9804,9804,9804,9803,9802,9802,
w-MLP,6.4375850000000003,12.978025000000001,19.332021000000001,25.692608,32.102992,38.375810000000001,44.426665999999997,50.583457000000003,57.119571000000001,63.333547000000003,69.185669000000004,75.056354999999996,80.913893999999999,86.775594999999996,92.688806,98.548547999999997,104.397229,110.22058,116.10625400000001,121.92747900000001,,0.12517200000000001,0.097845000000000001,0.090773000000000006,0.083128999999999995,0.078155000000000002,0.075513999999999998,0.074163000000000007,0.073646000000000003,0.073594999999999994,0.073752999999999999,0.073904999999999998,0.074039999999999995,0.074159000000000003,0.074246000000000006,0.074315000000000006,0.074359999999999996,0.074398000000000006,0.074422000000000002,0.074440000000000006,0.074453000000000005,,9604,9690,9715,9749,9762,9792,9794,9795,9802,9802,9805,9808,9807,9805,9804,9806,9806,9807,9807,9807,
w-MLP,6.517684,13.070307,19.500796999999999,25.749126,32.179791000000002,38.736305999999999,44.823390000000003,50.913240000000002,56.934227,62.938004999999997,68.995322000000002,75.146321999999998,81.347594999999998,87.654431000000002,94.168051000000006,100.593937,107.315135,114.812405,121.125339,127.285676,,0.130773,0.101522,0.096306000000000003,0.088544999999999999,0.081504999999999994,0.078535999999999995,0.077432000000000001,0.076760999999999996,0.076633000000000007,0.076765,0.076916999999999999,0.077162999999999995,0.077334,0.077468999999999996,0.077567999999999998,0.077643000000000004,0.077696000000000001,0.077732999999999997,0.077758999999999995,0.077778,,9576,9688,9706,9736,9749,9762,9765,9778,9785,9782,9784,9785,9783,9780,9779,9778,9777,9777,9777,9776,
w-MLP,6.7141679999999999,12.948141,19.476044000000002,26.028419,32.379964999999999,39.219926999999998,45.729461999999998,52.027650999999999,58.754289,65.581723999999994,72.212692000000004,78.390635000000003,84.471779999999995,90.663771999999994,96.814689000000001,102.885668,108.976069,115.086517,121.211859,127.307625,,0.12898200000000001,0.095942,0.088289999999999993,0.083271999999999999,0.079053999999999999,0.075825000000000004,0.073566999999999994,0.072419999999999998,0.071826000000000001,0.071627999999999997,0.071509000000000003,0.071495000000000003,0.071485999999999994,0.071499999999999994,0.071513999999999994,0.071521000000000001,0.071530999999999997,0.071538000000000004,0.071541999999999994,0.071545999999999998,,9588,9712,9739,9758,9767,9781,9792,9799,9800,9800,9801,9802,9803,9803,9804,9803,9803,9802,9802,9801,
w-MLP,6.7110760000000003,13.123017000000001,19.478403,25.680692000000001,32.406941000000003,39.011994999999999,45.684033999999997,52.678887000000003,58.984788000000002,65.022198000000003,71.597451000000007,77.844572999999997,84.004617999999994,90.215440999999998,96.477721000000003,102.59611599999999,108.746037,114.917534,121.05341300000001,127.32632599999999,,0.11774800000000001,0.098449999999999996,0.094462000000000004,0.089177000000000006,0.085888999999999993,0.082837999999999995,0.080924999999999997,0.079724000000000003,0.079198000000000005,0.079072000000000003,0.079144000000000006,0.079289999999999999,0.079410999999999995,0.079516000000000003,0.079601000000000005,0.079657000000000006,0.079700999999999994,0.079731999999999997,0.079753000000000004,0.079768000000000006,,9642,9703,9712,9737,9755,9764,9773,9777,9772,9775,9775,9773,9773,9774,9775,9774,9774,9775,9775,9775,
w-MLP,6.650436,12.961615,19.361691,25.923089999999998,32.430850999999997,39.008543000000003,45.604961000000003,52.149559000000004,58.422072,64.486891,70.517731999999995,76.548579000000004,82.567120000000003,88.616873999999996,94.705800999999994,101.452556,107.579458,113.59924700000001,119.612943,125.62204300000001,,0.13253100000000001,0.10340199999999999,0.095202999999999996,0.089555999999999997,0.085233000000000003,0.082980999999999999,0.081549999999999997,0.081005999999999995,0.080951999999999996,0.081004000000000007,0.081131999999999996,0.081271999999999997,0.081414,0.081529000000000004,0.081608,0.081673999999999997,0.081717999999999999,0.081748000000000001,0.081770999999999996,0.081785999999999998,,9588,9673,9703,9726,9732,9744,9756,9763,9767,9776,9778,9783,9782,9782,9783,9779,9779,9779,9779,9779,
w-MLP,6.6061898000000001,13.016220999999998,19.4297912,25.814787000000003,32.300107999999994,38.870516200000004,45.253702599999997,51.670558800000002,58.042989399999996,64.272473000000005,70.501773200000002,76.597292800000005,82.661001400000004,88.785222599999997,94.971013600000006,101.21536499999999,107.40278559999999,113.7272566,119.82196159999998,125.89382980000001,,0.12704119999999999,0.099432199999999998,0.093006799999999987,0.086735800000000002,0.08196719999999999,0.079138799999999995,0.077527399999999996,0.076711400000000013,0.076440800000000003,0.076444399999999996,0.076521399999999989,0.076651999999999998,0.07676079999999999,0.076852000000000004,0.076921199999999995,0.076971000000000012,0.077008800000000002,0.077034599999999981,0.077052999999999996,0.077066200000000001,,9599.6000000000004,9693.2000000000007,9715,9741.2000000000007,9753,9768.6000000000004,9776,9782.3999999999996,9785.2000000000007,9787,9788.6000000000004,9790.2000000000007,9789.6000000000004,9788.7999999999993,9789,9788,9787.7999999999993,9788,9788,9787.6000000000004,
CNN,32.153374999999997,68.719526999999999,105.808902,142.600066,178.37948600000001,212.42611500000001,246.414323,280.38857200000001,314.53098699999998,348.58177000000001,382.67557399999998,416.80648100000002,450.98308300000002,485.16142200000002,519.44599800000003,553.67577400000005,587.91669100000001,622.10360600000001,656.37407499999995,690.76455199999998,,0.050153000000000003,0.037505999999999998,0.033965000000000002,0.031490999999999998,0.028273,0.032022000000000002,0.026602000000000001,0.027432999999999999,0.025878999999999999,0.025769,0.025565000000000001,0.025243999999999999,0.025090000000000001,0.025051,0.025475999999999999,0.025241,0.025224,0.025224,0.025174999999999999,0.025107000000000001,,9834,9868,9887,9890,9902,9898,9913,9910,9915,9918,9919,9921,9920,9920,9918,9921,9919,9921,9921,9920,
CNN,31.242414,66.982718000000006,103.962478,137.42844199999999,170.97323299999999,204.63772900000001,238.38268400000001,272.23161199999998,306.09019799999999,339.88457499999998,373.72592400000002,407.80737299999998,441.634073,475.42654499999998,509.31157300000001,543.156744,577.15957800000001,611.25883199999998,645.11945900000001,679.03175299999998,,0.050153000000000003,0.037505999999999998,0.033965000000000002,0.031490999999999998,0.028273,0.032022000000000002,0.026602000000000001,0.027432999999999999,0.025878999999999999,0.025769,0.025565000000000001,0.025243999999999999,0.025090000000000001,0.025051,0.025475999999999999,0.025241,0.025224,0.025224,0.025174999999999999,0.025107000000000001,,9834,9868,9887,9890,9902,9898,9913,9910,9915,9918,9919,9921,9920,9920,9918,9921,9919,9921,9921,9920,
CNN,30.457363999999998,66.068768000000006,99.158569,132.65386799999999,166.27526599999999,200.06637599999999,233.98343299999999,267.87169299999999,301.90536600000001,336.10590500000001,370.07742999999999,404.05731100000003,438.02437900000001,471.985724,506.02464600000002,539.99791000000005,573.99750800000004,608.031744,642.11968899999999,676.15666899999997,,0.050153000000000003,0.037505999999999998,0.033965000000000002,0.031490999999999998,0.028273,0.032022000000000002,0.026602000000000001,0.027432999999999999,0.025878999999999999,0.025769,0.025565000000000001,0.025243999999999999,0.025090000000000001,0.025051,0.025475999999999999,0.025241,0.025224,0.025224,0.025174999999999999,0.025107000000000001,,9834,9868,9887,9890,9902,9898,9913,9910,9915,9918,9919,9921,9920,9920,9918,9921,9919,9921,9921,9920,
CNN,30.789131999999999,66.514166000000003,99.770518999999993,133.02450899999999,166.36650599999999,199.979692,233.54533699999999,267.114419,300.70782000000003,334.365072,367.97510799999998,401.68149699999998,435.40229699999998,469.09072700000002,502.911674,536.59260700000004,570.33454200000006,604.14528700000005,637.90323699999999,671.60398399999997,,0.050153000000000003,0.037505999999999998,0.033965000000000002,0.031490999999999998,0.028273,0.032022000000000002,0.026602000000000001,0.027432999999999999,0.025878999999999999,0.025769,0.025565000000000001,0.025243999999999999,0.025090000000000001,0.025051,0.025475999999999999,0.025241,0.025224,0.025224,0.025174999999999999,0.025107000000000001,,9834,9868,9887,9890,9902,9898,9913,9910,9915,9918,9919,9921,9920,9920,9918,9921,9919,9921,9921,9920,
CNN,29.974108999999999,63.942166999999998,97.845464000000007,130.838843,163.766437,196.75421399999999,229.99889899999999,263.22801600000003,296.47985999999997,329.81227200000001,363.01339200000001,396.01319799999999,428.972893,461.911674,494.95868100000001,527.92346399999997,560.91019800000004,594.06035299999996,627.126665,660.22829300000001,,0.050153000000000003,0.037505999999999998,0.033965000000000002,0.031490999999999998,0.028273,0.032022000000000002,0.026602000000000001,0.027432999999999999,0.025878999999999999,0.025769,0.025565000000000001,0.025243999999999999,0.025090000000000001,0.025051,0.025475999999999999,0.025241,0.025224,0.025224,0.025174999999999999,0.025107000000000001,,9834,9868,9887,9890,9902,9898,9913,9910,9915,9918,9919,9921,9920,9920,9918,9921,9919,9921,9921,9920,
CNN,30.923278799999999,66.445469200000005,101.3091864,135.30914559999999,169.1521856,202.7728252,236.46493519999999,270.16686240000001,303.94284619999996,337.74991880000005,371.49348560000004,405.27317199999999,439.00334499999997,472.71521840000003,506.53051440000002,540.2692998,574.06370340000001,607.91996440000003,641.72862499999997,675.55705019999994,,0.050153000000000003,0.037505999999999998,0.033965000000000002,0.031490999999999998,0.028273,0.032022000000000002,0.026602000000000004,0.027432999999999996,0.025878999999999996,0.025768999999999997,0.025564999999999997,0.025243999999999999,0.025090000000000001,0.025051,0.025475999999999999,0.025241000000000003,0.025224000000000003,0.025224000000000003,0.025174999999999996,0.025107000000000001,,9834,9868,9887,9890,9902,9898,9913,9910,9915,9918,9919,9921,9920,9920,9918,9921,9919,9921,9921,9920,
w-CNN,33.953153999999998,70.975434000000007,106.74279300000001,142.969368,177.24579600000001,211.484522,245.660642,279.69848100000002,313.90945599999998,348.06879900000001,382.35183499999999,416.71108199999998,451.02874400000002,485.31588799999997,519.69148700000005,553.99944900000003,588.352441,622.70915400000001,657.08398899999997,691.47149400000001,,0.058735999999999997,0.039343000000000003,0.031905999999999997,0.030039,0.028681999999999999,0.027373999999999999,0.027310000000000001,0.026313,0.025659000000000001,0.025793,0.026196000000000001,0.026086000000000002,0.02606,0.026136,0.025950999999999998,0.026051000000000001,0.025937999999999999,0.026082000000000001,0.026020999999999999,0.026027000000000002,,9823,9871,9891,9904,9905,9912,9910,9921,9920,9919,9918,9920,9918,9918,9917,9918,9919,9920,9920,9919,
w-CNN,32.653252000000002,68.079537999999999,104.29097400000001,137.95963,171.174375,204.32689300000001,237.44841500000001,270.60412700000001,303.75440800000001,336.86066299999999,370.026139,403.17997700000001,436.36993799999999,469.51547399999998,502.66956699999997,535.79738099999997,568.88261299999999,602.01854300000002,635.15626599999996,668.27205400000003,,0.063002000000000002,0.037344000000000002,0.031843999999999997,0.030997,0.028572,0.028178999999999999,0.02758,0.027036000000000001,0.026512000000000001,0.026509999999999999,0.026259999999999999,0.026519000000000001,0.026530999999999999,0.026553,0.026342000000000001,0.026425000000000001,0.026533000000000001,0.026509000000000001,0.026478000000000002,0.026436999999999999,,9786,9875,9879,9891,9900,9909,9901,9907,9910,9912,9918,9914,9915,9915,9915,9913,9913,9914,9913,9913,
w-CNN,30.885712000000002,66.218624000000005,102.011296,137.091837,170.93688299999999,204.90317200000001,238.76694000000001,272.64676400000002,306.59847300000001,340.536405,374.32948299999998,408.18934300000001,442.041877,475.93309099999999,509.802481,543.56666900000005,577.37676199999999,611.23595899999998,645.11095799999998,678.83996100000002,,0.073973999999999998,0.042655999999999999,0.034331,0.031774999999999998,0.030825999999999999,0.028767000000000001,0.027893000000000001,0.027390000000000001,0.026636,0.02666,0.026651999999999999,0.026835999999999999,0.026827,0.026716,0.026550000000000001,0.02664,0.026773999999999999,0.026630999999999998,0.026627000000000001,0.026575000000000001,,9768,9861,9887,9899,9900,9909,9906,9905,9905,9913,9912,9914,9911,9910,9911,9909,9909,9910,9908,9908,
w-CNN,32.585160999999999,66.602152000000004,100.64940900000001,134.56137799999999,168.627895,203.822462,239.07614100000001,273.134433,307.11627600000003,341.43636800000002,375.43278299999997,409.50233500000002,443.42395800000003,477.423044,511.48753499999998,545.54452400000002,579.55450299999995,613.59212300000002,647.70650999999998,681.73106499999994,,0.057116,0.034491000000000001,0.030735999999999999,0.028322,0.026606000000000001,0.025672,0.02571,0.024899999999999999,0.024197,0.024367,0.024716999999999999,0.024566999999999999,0.024652,0.024625000000000001,0.024369999999999999,0.024371,0.024306999999999999,0.024393000000000001,0.024323999999999998,0.024381,,9814,9879,9900,9902,9910,9914,9920,9919,9920,9919,9925,9922,9922,9923,9923,9924,9925,9923,9922,9923,
w-CNN,33.425176999999998,67.513741999999993,101.629982,135.989531,169.71947299999999,203.35898800000001,237.022637,270.69153699999998,304.38949400000001,337.99647299999998,371.70534199999997,405.354938,438.97938799999997,472.58171800000002,506.26406700000001,539.91706999999997,573.55397200000004,607.23350400000004,640.91432699999996,674.52684399999998,,0.055316999999999998,0.039976999999999999,0.033987000000000003,0.030166999999999999,0.03032,0.029218000000000001,0.028027,0.027650000000000001,0.027383000000000001,0.027130999999999999,0.026980000000000001,0.027084,0.026949000000000001,0.027144999999999999,0.027,0.027060000000000001,0.027099999999999999,0.027007,0.027089999999999999,0.027047000000000002,,9818,9862,9883,9903,9892,9904,9903,9906,9915,9912,9913,9913,9914,9917,9918,9917,9916,9916,9917,9915,
w-CNN,32.700491199999995,67.877898000000002,103.06489080000001,137.71434879999998,171.54088439999998,205.5792074,239.59495499999997,273.35506839999999,307.15362140000002,340.97974160000001,374.76911639999997,408.587535,442.36878100000001,476.15384299999994,509.98302739999997,543.76501859999996,577.54405819999999,611.35785659999999,645.19440999999995,678.96828359999995,,0.061629000000000003,0.038762200000000004,0.032560800000000001,0.030259999999999999,0.029001199999999998,0.027841999999999999,0.027304000000000002,0.026657800000000002,0.026077400000000001,0.026092199999999999,0.026161,0.026218399999999996,0.026203799999999999,0.026235000000000001,0.026042599999999999,0.026109400000000005,0.026130399999999998,0.026124399999999999,0.026107999999999999,0.026093399999999999,,9801.7999999999993,9869.6000000000004,9888,9899.7999999999993,9901.3999999999996,9909.6000000000004,9908,9911.6000000000004,9914,9915,9917.2000000000007,9916.6000000000004,9916,9916.6000000000004,9916.7999999999993,9916.2000000000007,9916.3999999999996,9916.6000000000004,9916,9915.6000000000004,
RNN,6.6369559999999996,14.002800000000001,21.136523,28.361336999999999,35.566225000000003,42.594402000000002,49.937396999999997,57.365319,64.477237000000002,71.806394999999995,78.955235000000002,86.276944999999998,93.604890999999995,100.834727,108.277657,115.506045,123.03596400000001,130.48021600000001,138.07549,145.345584,,0.35482200000000003,0.13084499999999999,0.110745,0.098451999999999998,0.10141500000000001,0.089234999999999995,0.091655,0.089966000000000004,0.089452000000000004,0.090843999999999994,0.090646000000000004,0.089455999999999994,0.091243000000000005,0.089507000000000003,0.093047000000000005,0.091990000000000002,0.093063000000000007,0.092882999999999993,0.091798000000000005,0.092614000000000002,,9004,9644,9717,9786,9781,9812,9816,9830,9836,9837,9838,9831,9835,9841,9829,9835,9834,9838,9836,9831,
RNN,6.7866249999999999,14.083855,21.165074000000001,28.155745,35.118833000000002,42.013295999999997,49.147331000000001,56.348970000000001,63.211359999999999,70.330608999999995,77.433510999999996,84.648966999999999,91.537440000000004,98.753326000000001,105.66995799999999,112.739295,119.920264,126.969784,133.901916,140.90055799999999,,0.35482200000000003,0.13084499999999999,0.110745,0.098451999999999998,0.10141500000000001,0.089234999999999995,0.091655,0.089966000000000004,0.089452000000000004,0.090843999999999994,0.090646000000000004,0.089455999999999994,0.091243000000000005,0.089507000000000003,0.093047000000000005,0.091990000000000002,0.093063000000000007,0.092882999999999993,0.091798000000000005,0.092614000000000002,,9004,9644,9717,9786,9781,9812,9816,9830,9836,9837,9838,9831,9835,9841,9829,9835,9834,9838,9836,9831,
RNN,6.8740370000000004,14.223967,21.313791999999999,28.520094,35.566687000000002,42.918263000000003,50.018110999999998,57.097788999999999,64.043807000000001,71.055212999999995,78.256730000000005,85.420385999999993,92.650193999999999,99.582183999999998,106.676238,113.740315,120.95955600000001,127.958918,135.02358000000001,142.32978499999999,,0.35482200000000003,0.13084499999999999,0.110745,0.098451999999999998,0.10141500000000001,0.089234999999999995,0.091655,0.089966000000000004,0.089452000000000004,0.090843999999999994,0.090646000000000004,0.089455999999999994,0.091243000000000005,0.089507000000000003,0.093047000000000005,0.091990000000000002,0.093063000000000007,0.092882999999999993,0.091798000000000005,0.092614000000000002,,9004,9644,9717,9786,9781,9812,9816,9830,9836,9837,9838,9831,9835,9841,9829,9835,9834,9838,9836,9831,
RNN,6.6818419999999996,14.000332999999999,21.353038999999999,28.547733999999998,35.653053999999997,42.887512000000001,50.186475999999999,57.487926999999999,64.831988999999993,72.125414000000006,79.523235,86.505015,93.682337000000004,100.718997,108.109711,115.195763,122.504527,129.75473099999999,136.907273,144.21162200000001,,0.35482200000000003,0.13084499999999999,0.110745,0.098451999999999998,0.10141500000000001,0.089234999999999995,0.091655,0.089966000000000004,0.089452000000000004,0.090843999999999994,0.090646000000000004,0.089455999999999994,0.091243000000000005,0.089507000000000003,0.093047000000000005,0.091990000000000002,0.093063000000000007,0.092882999999999993,0.091798000000000005,0.092614000000000002,,9004,9644,9717,9786,9781,9812,9816,9830,9836,9837,9838,9831,9835,9841,9829,9835,9834,9838,9836,9831,
RNN,6.6971569999999998,13.675140000000001,20.837944,28.011092000000001,34.854816,41.797403000000003,48.911931000000003,55.690100000000001,62.769193999999999,70.037525000000002,77.251987999999997,84.513034000000005,91.853271000000007,99.444084000000004,106.578266,113.708849,120.688186,127.942683,134.97280000000001,141.967814,,0.35482200000000003,0.13084499999999999,0.110745,0.098451999999999998,0.10141500000000001,0.089234999999999995,0.091655,0.089966000000000004,0.089452000000000004,0.090843999999999994,0.090646000000000004,0.089455999999999994,0.091243000000000005,0.089507000000000003,0.093047000000000005,0.091990000000000002,0.093063000000000007,0.092882999999999993,0.091798000000000005,0.092614000000000002,,9004,9644,9717,9786,9781,9812,9816,9830,9836,9837,9838,9831,9835,9841,9829,9835,9834,9838,9836,9831,
RNN,6.7353234000000004,13.997219000000001,21.161274400000003,28.3192004,35.351922999999999,42.442175200000001,49.6402492,56.798020999999991,63.866717399999992,71.071031200000007,78.284139800000005,85.472869400000008,92.66562660000001,99.866663599999995,107.062366,114.1780534,121.42169940000001,128.62126640000002,135.7762118,142.9510726,,0.35482200000000003,0.13084499999999999,0.11074500000000001,0.098451999999999998,0.10141500000000001,0.089234999999999995,0.091655,0.089966000000000004,0.089452000000000004,0.090843999999999994,0.090646000000000004,0.089455999999999994,0.091243000000000005,0.089507000000000003,0.093047000000000005,0.091990000000000002,0.093063000000000007,0.092882999999999993,0.091798000000000005,0.092614000000000002,,9004,9644,9717,9786,9781,9812,9816,9830,9836,9837,9838,9831,9835,9841,9829,9835,9834,9838,9836,9831,
w-RNN,6.7051439999999998,13.91666,21.240095,28.401050999999999,35.417721999999998,42.637349999999998,49.672488000000001,56.646703000000002,63.918880000000001,70.706256999999994,77.695083999999994,84.670201000000006,91.791059000000004,99.055404999999993,106.028662,113.01802499999999,120.1784,127.21919699999999,134.448339,141.44349299999999,,0.20791599999999999,0.14317199999999999,0.101719,0.089160000000000003,0.089523000000000005,0.076867000000000005,0.077751000000000001,0.074785000000000004,0.074238999999999999,0.074416999999999997,0.073825000000000002,0.073747999999999994,0.074297000000000002,0.073801000000000005,0.074551000000000006,0.073938000000000004,0.074718999999999994,0.074147000000000005,0.073749999999999996,0.074115,,9490,9630,9752,9790,9816,9835,9826,9842,9840,9845,9849,9848,9849,9853,9851,9849,9849,9851,9850,9850,
w-RNN,6.6951749999999999,13.715521000000001,20.791423000000002,28.168123000000001,35.195723000000001,42.281177,49.399977999999997,56.576334000000003,63.853498000000002,71.070170000000005,78.222752,85.268692999999999,92.365562999999995,99.508447000000004,106.611408,113.87862800000001,121.04499199999999,128.06523799999999,135.406092,142.538771,,0.22632099999999999,0.11611299999999999,0.095256999999999994,0.090172000000000002,0.075233999999999995,0.075989000000000001,0.072081999999999993,0.069802000000000003,0.068992999999999999,0.068459000000000006,0.070266999999999996,0.068561999999999998,0.067361000000000004,0.068401000000000003,0.068087999999999996,0.068916000000000005,0.068626999999999994,0.068623000000000003,0.068528000000000006,0.068779999999999994,,9372,9688,9749,9766,9815,9816,9833,9838,9840,9846,9847,9854,9855,9849,9849,9848,9846,9849,9850,9850,
w-RNN,6.9301560000000002,13.881755,21.018381999999999,28.143208000000001,35.266384000000002,42.424790000000002,49.362689000000003,56.395713000000001,63.486114999999998,70.726990000000001,77.793741999999995,84.945150999999996,92.192695999999998,99.208099000000004,106.429299,113.36543,120.429137,127.30765599999999,134.49315100000001,141.594629,,0.20230300000000001,0.13991700000000001,0.099265000000000006,0.087580000000000005,0.082431000000000004,0.080907000000000007,0.079435000000000006,0.077090000000000006,0.077730999999999995,0.080111000000000002,0.078339000000000006,0.078245999999999996,0.078527,0.078383999999999995,0.078627000000000002,0.080030000000000004,0.079690999999999998,0.079978999999999995,0.078270999999999993,0.078963000000000005,,9479,9633,9748,9772,9802,9822,9821,9825,9823,9828,9829,9827,9836,9832,9836,9836,9837,9840,9833,9835,
w-RNN,6.6439649999999997,14.018397999999999,21.129638,28.275200000000002,35.399444000000003,42.408324,49.443935000000003,56.250458999999999,63.350265,70.487869000000003,77.663179,84.608478000000005,91.708524999999995,98.694118000000003,105.72766,112.733664,119.71275300000001,127.060858,134.14611199999999,141.103477,,0.30207600000000001,0.12509300000000001,0.10632800000000001,0.091496999999999995,0.091109999999999997,0.085596000000000005,0.081495999999999999,0.083567000000000002,0.083432999999999993,0.083350999999999995,0.083399000000000001,0.082088999999999995,0.083412,0.083138000000000004,0.083446999999999993,0.083627000000000007,0.083672999999999997,0.083930000000000005,0.083687999999999999,0.083656999999999995,,9131,9672,9737,9780,9792,9804,9821,9814,9823,9820,9830,9827,9833,9833,9830,9830,9832,9830,9827,9828,
w-RNN,6.5984389999999999,13.897209,20.864238,27.971581,35.056311000000001,42.100644000000003,49.131149999999998,56.365288,63.407567999999998,70.556027999999998,77.959332000000003,84.975072999999995,92.26079,99.326858999999999,106.593613,113.797524,121.049199,128.17173600000001,135.16280599999999,142.267741,,0.32319999999999999,0.194245,0.12787000000000001,0.105804,0.100685,0.090991000000000002,0.089229000000000003,0.085177000000000003,0.082108,0.085507,0.086140999999999995,0.083821999999999994,0.085489999999999997,0.084557999999999994,0.084547999999999998,0.085005999999999998,0.085768999999999998,0.084948999999999997,0.084057999999999994,0.085302000000000003,,9097,9474,9720,9760,9771,9797,9803,9812,9818,9820,9814,9826,9822,9825,9824,9825,9826,9829,9828,9826,
w-RNN,6.7145758000000004,13.885908599999999,21.008755200000003,28.191832599999998,35.267116799999997,42.370457000000002,49.402048000000001,56.446899400000007,63.603265199999996,70.709462800000011,77.866817800000007,84.8935192,92.063726599999995,99.158585600000009,106.27812840000001,113.3586542,120.4828962,127.56493700000001,134.7313,141.7896222,,0.25236320000000001,0.143708,0.1060878,0.092842599999999997,0.087796600000000002,0.082070000000000004,0.079998600000000003,0.078084200000000006,0.077300800000000003,0.078368999999999994,0.078394199999999997,0.077293399999999984,0.077817400000000009,0.0776564,0.07785220000000001,0.078303399999999995,0.078495799999999991,0.078325600000000009,0.077658999999999992,0.078163399999999994,,9313.7999999999993,9619.3999999999996,9741.2000000000007,9773.6000000000004,9799.2000000000007,9814.7999999999993,9820.7999999999993,9826.2000000000007,9828.7999999999993,9831.7999999999993,9833.7999999999993,9836.3999999999996,9839,9838.3999999999996,9838,9837.6000000000004,9838,9839.7999999999993,9837.6000000000004,9837.7999999999993,
,,,,,,,,,,,,,,,,,,,,,,,,,,,,,,,,,,,,,,,,,,,,,,,,,,,,,,,,,,,,,,,
,,,,,,,,,,,,,,,,,,,,,,,,,,,,,,,,,,,,,,,,,,,,,,,,,,,,,,,,,,,,,,,
,,,,,,,,,,,,,,,,,,,,,,,,,,,,,,,,,,,,,,,,,,,,,,,,,,,,,,,,,,,,,,,
,,,,,,,,,,,,,,,,,,,,,,,,,,,,,,,,,,,,,,,,,,,,,,,,,,,,,,,,,,,,,,,
,,,,,,,,,,,,,,,,,,,,,,,,,,,,,,,,,,,,,,,,,,,,,,,,,,,,,,,,,,,,,,,
,,,,,,,,,,,,,,,,,,,,,,,,,,,,,,,,,,,,,,,,,,,,,,,,,,,,,,,,,,,,,,,
,,,,,,,,,,,,,,,,,,,,,,,,,,,,,,,,,,,,,,,,,,,,,,,,,,,,,,,,,,,,,,,
,,,,,,,,,,,,,,,,,,,,,,,,,,,,,,,,,,,,,,,,,,,,,,,,,,,,,,,,,,,,,,,
,,,,,,,,,,,,,,,,,,,,,,,,,,,,,,,,,,,,,,,,,,,,,,,,,,,,,,,,,,,,,,,
,,,,,,,,,,,,,,,,,,,,,,,,,,,,,,,,,,,,,,,,,,,,,,,,,,,,,,,,,,,,,,,
,,,,,,,,,,,,,,,,,,,,,,,,,,,,,,,,,,,,,,,,,,,,,,,,,,,,,,,,,,,,,,,
,,,,,,,,,,,,,,,,,,,,,,,,,,,,,,,,,,,,,,,,,,,,,,,,,,,,,,,,,,,,,,,
,,,,,,,,,,,,,,,,,,,,,,,,,,,,,,,,,,,,,,,,,,,,,,,,,,,,,,,,,,,,,,,
,,,,,,,,,,,,,,,,,,,,,,,,,,,,,,,,,,,,,,,,,,,,,,,,,,,,,,,,,,,,,,,
,,,,,,,,,,,,,,,,,,,,,,,,,,,,,,,,,,,,,,,,,,,,,,,,,,,,,,,,,,,,,,,
,,,,,,,,,,,,,,,,,,,,,,,,,,,,,,,,,,,,,,,,,,,,,,,,,,,,,,,,,,,,,,,
,,,,,,,,,,,,,,,,,,,,,,,,,,,,,,,,,,,,,,,,,,,,,,,,,,,,,,,,,,,,,,,
,,,,,,,,,,,,,,,,,,,,,,,,,,,,,,,,,,,,,,,,,,,,,,,,,,,,,,,,,,,,,,,
,,,,,,,,,,,,,,,,,,,,,,,,,,,,,,,,,,,,,,,,,,,,,,,,,,,,,,,,,,,,,,,
,,,,,,,,,,,,,,,,,,,,,,,,,,,,,,,,,,,,,,,,,,,,,,,,,,,,,,,,,,,,,,,
,,,,,,,,,,,,,,,,,,,,,,,,,,,,,,,,,,,,,,,,,,,,,,,,,,,,,,,,,,,,,,,
,,,,,,,,,,,,,,,,,,,,,,,,,,,,,,,,,,,,,,,,,,,,,,,,,,,,,,,,,,,,,,,
,,,,,,,,,,,,,,,,,,,,,,,,,,,,,,,,,,,,,,,,,,,,,,,,,,,,,,,,,,,,,,,
,,,,,,,,,,,,,,,,,,,,,,,,,,,,,,,,,,,,,,,,,,,,,,,,,,,,,,,,,,,,,,
